Ботинки HS РАН-Р 400 чер. ЗП 38 1;38;1
Ботинки HS РАН-Р 400 чер. ЗП 39 1;39;1
Ботинки HS РАН-Р 400 чер. ЗП 40 2;40;2
Ботинки HS РАН-Р 400 чер. ЗП 41 5;41;5
Ботинки HS РАН-Р 400 чер. ЗП 42 8;42;8
Ботинки HS РАН-Р 400 чер. ЗП 43 10;43;10
Ботинки HS РАН-Р 400 чер. ЗП 44 10;44;10
Ботинки HS РАН-Р 400 чер. ЗП 45 4;45;4
Ботинки PANDA САНИТАРИ 3916 S1 SRC бел. 37 1;37;1
Ботинки PANDA САНИТАРИ 3916 S1 SRC бел. 40 3;40;3
Ботинки PANDA САНИТАРИ 3916 S1 SRC бел. 41 1;41;1
Ботинки PANDA САНИТАРИ 3916 S1 SRC бел. 42 2;42;2
Ботинки PANDA САНИТАРИ 3916 S1 SRC бел. 43 4;43;4
Ботинки PANDA САНИТАРИ 3916 S1 SRC бел. 44 1;44;1
Ботинки PANDA САНИТАРИ 3916 S1 SRC бел. 45 2;45;2
Ботинки СВАРЩИК ут М.1398 ЗП 39 1;39;1
Ботинки СВАРЩИК ут М.1398 ЗП 40 0;40;0
Ботинки СВАРЩИК ут М.1398 ЗП 41 1;41;1
Ботинки СВАРЩИК ут М.1398 ЗП 42 6;42;6
Ботинки СВАРЩИК ут М.1398 ЗП 43 8;43;8
Ботинки СВАРЩИК ут М.1398 ЗП 44 3;44;3
Ботинки СВАРЩИК ут М.1398 ЗП 45 0;45;0
Ботинки СВАРЩИК ут М.1398 ЗП 47 1;47;1
Ботинки ТОФФ БЕРКУТ И с выс.берцами ут ч 38 0;38;0
Ботинки ТОФФ БЕРКУТ И с выс.берцами ут ч 39 5;39;5
Ботинки ТОФФ БЕРКУТ И с выс.берцами ут ч 40 7;40;7
Ботинки ТОФФ БЕРКУТ И с выс.берцами ут ч 41 8;41;8
Ботинки ТОФФ БЕРКУТ И с выс.берцами ут ч 42 2;42;2
Ботинки ТОФФ БЕРКУТ И с выс.берцами ут ч 43 6;43;6
Ботинки ТОФФ БЕРКУТ И с выс.берцами ут ч 44 21;44;21
Ботинки ТОФФ БЕРКУТ И с выс.берцами ут ч 45 2;45;2
Ботинки ТОФФ БЕРКУТ И с выс.берцами ут ч 46 1;46;1
Ботинки ТОФФ БЕРКУТ И с выс.берцами ут ч 47 1;47;1
Ботинки ТОФФ БЕРКУТ с выс. берцами чер. 38 13;38;13
Ботинки ТОФФ БЕРКУТ с выс. берцами чер. 39 11;39;11
Ботинки ТОФФ БЕРКУТ с выс. берцами чер. 40 0;40;0
Ботинки ТОФФ БЕРКУТ с выс. берцами чер. 41 11;41;11
Ботинки ТОФФ БЕРКУТ с выс. берцами чер. 42 12;42;12
Ботинки ТОФФ БЕРКУТ с выс. берцами чер. 43 9;43;9
Ботинки ТОФФ БЕРКУТ с выс. берцами чер. 44 17;44;17
Ботинки ТОФФ БЕРКУТ с выс. берцами чер. 45 8;45;8
Ботинки ТОФФ БЕРКУТ с выс. берцами чер. 46 3;46;3
Ботинки Трейл ИКС КП чер. композит 200Дж 39 5;39;5
Ботинки Трейл ИКС КП чер. композит 200Дж 40 17;40;17
Ботинки Трейл ИКС КП чер. композит 200Дж 41 57;41;57
Ботинки Трейл ИКС КП чер. композит 200Дж 42 8;42;8
Ботинки Трейл ИКС КП чер. композит 200Дж 43 68;43;68
Ботинки Трейл ИКС КП чер. композит 200Дж 44 10;44;10
Ботинки Трейл ИКС КП чер. композит 200Дж 45 30;45;30
Ботинки Трейл ИКС КП чер. композит 200Дж 46 18;46;18
Ботинки Трейл ИКС КП чер. композит 200Дж 47 5;47;5
Ботинки Трейл ИКС КП чер. композит 200Дж 48 2;48;2
Ботинки Трейл ЛЕДИ ИКС КП чер. ЗП 35 10;35;10
Ботинки Трейл ЛЕДИ ИКС КП чер. ЗП 36 13;36;13
Ботинки Трейл ЛЕДИ ИКС КП чер. ЗП 37 0;37;0
Ботинки Трейл ЛЕДИ ИКС КП чер. ЗП 38 24;38;24
Ботинки Трейл ЛЕДИ ИКС КП чер. ЗП 39 15;39;15
Ботинки Трейл ЛЕДИ ИКС КП чер. ЗП 40 24;40;24
Ботинки Трейл ЛЕДИ ИКС КП чер. ЗП 41 24;41;24
Ботинки ТРЕЙЛ ПЛЮС Т3 (Р) чер. ЗП 37 1;37;1
Ботинки ТРЕЙЛ ПЛЮС Т3 (Р) чер. ЗП 40 1;40;1
Ботинки ТРЕЙЛ ПЛЮС Т3 (Р) чер. ЗП 41 1;41;1
Ботинки ТРЕЙЛ ПЛЮС Т3 (Р) чер. ЗП 42 8;42;8
Ботинки ТРЕЙЛ ПЛЮС Т3 (Р) чер. ЗП 43 1;43;1
Ботинки ТРЕЙЛ ПЛЮС Т3 (Р) чер. ЗП 44 2;44;2
Ботинки ТРЕЙЛ ПЛЮС Т3 (Р) чер. ЗП 45 1;45;1
Ботинки ТРЕЙЛ ПЛЮС Т3 (Р) чер. ЗП 47 1;47;1
Ботинки ФОРВЕЛД 1 КП (Р) с выс. берцами 40 1;40;1
Ботинки ФОРВЕЛД 1 КП (Р) с выс. берцами 41 7;41;7
Ботинки ФОРВЕЛД 1 КП (Р) с выс. берцами 42 1;42;1
Ботинки ФОРВЕЛД 1 КП (Р) с выс. берцами 43 8;43;8
Ботинки ФОРВЕЛД 1 КП (Р) с выс. берцами 44 6;44;6
Ботинки ФОРВЕЛД 1 КП (Р) с выс. берцами 45 1;45;1
Ботинки ФОРВЕЛД 1 КП (Р) с выс. берцами 47 1;47;1
Ботинки ФОРВЕЛД 3 КП (Р) чер. ЗП 40 0;40;0
Ботинки ФОРВЕЛД 3 КП (Р) чер. ЗП 42 6;42;6
Ботинки ФОРВЕЛД 3 КП (Р) чер. ЗП 43 3;43;3
Ботинки ФОРВЕЛД 3 КП (Р) чер. ЗП 44 2;44;2
Ботинки ФОРВЕЛД 3 КП (Р) чер. ЗП 46 1;46;1
Ботинки ФОРВЕЛД 3 КПТ (Р) ут чер. композ 35 3;35;3
Ботинки ФОРВЕЛД 3 КПТ (Р) ут чер. композ 37 30;37;30
Ботинки ФОРВЕЛД 3 КПТ (Р) ут чер. композ 38 18;38;18
Ботинки ФОРВЕЛД 3 КПТ (Р) ут чер. композ 40 5;40;5
Ботинки ФОРВЕЛД 3 КПТ (Р) ут чер. композ 41 14;41;14
Ботинки ФОРВЕЛД 3 КПТ (Р) ут чер. композ 42 18;42;18
Ботинки ФОРВЕЛД 3 КПТ (Р) ут чер. композ 43 9;43;9
Ботинки ФОРВЕЛД 3 КПТ (Р) ут чер. композ 44 4;44;4
Ботинки ФОРВЕЛД 3 КПТ (Р) ут чер. композ 45 24;45;24
Ботинки ФОРВЕЛД 3 КПТ (Р) ут чер. композ 46 2;46;2
Ботинки ФОРВЕЛД 3 КПТ (Р) ут чер. композ 48 3;48;3
Ботинки ФОРВЕЛД СВАРЩИК 6 КП чер. композ 39 2;39;2
Ботинки ФОРВЕЛД СВАРЩИК 6 КП чер. композ 40 4;40;4
Ботинки ФОРВЕЛД СВАРЩИК 6 КП чер. композ 41 5;41;5
Ботинки ФОРВЕЛД СВАРЩИК 6 КП чер. композ 42 7;42;7
Ботинки ФОРВЕЛД СВАРЩИК 6 КП чер. композ 43 4;43;4
Ботинки ФОРВЕЛД СВАРЩИК 6 КП чер. композ 44 12;44;12
Ботинки ФОРВЕЛД СВАРЩИК 6 КП чер. композ 45 5;45;5
Ботинки ФОРВЕЛД СВАРЩИК 6 КП чер. композ 46 3;46;3
Ботинки ФОРВЕЛД СВАРЩИК 6 КП чер. композ 47 2;47;2
Ботинки ФОРВЕЛД СВАРЩИК 6 КП чер. композ 48 1;48;1
Ботинки ЭЛЕКТРА Е12 с кон отс ут МУН200 36 2;36;2
Ботинки ЭЛЕКТРА Е12 с кон отс ут МУН200 37 2;37;2
Ботинки ЭЛЕКТРА Е12 с кон отс ут МУН200 38 4;38;4
Ботинки ЭЛЕКТРА Е12 с кон отс ут МУН200 39 5;39;5
Ботинки ЭЛЕКТРА Е12 с кон отс ут МУН200 40 3;40;3
Ботинки ЭЛЕКТРА Е12 с кон отс ут МУН200 41 6;41;6
Ботинки ЭЛЕКТРА Е12 с кон отс ут МУН200 42 33;42;33
Ботинки ЭЛЕКТРА Е12 с кон отс ут МУН200 43 55;43;55
Ботинки ЭЛЕКТРА Е12 с кон отс ут МУН200 44 8;44;8
Ботинки ЭЛЕКТРА Е12 с кон отс ут МУН200 45 9;45;9
Ботинки ЭЛЕКТРА Е12 с кон отс ут МУН200 48 1;48;1
Ботинки ЭЛЕКТРА Е2 с кон отс МУН200 36 1;36;1
Ботинки ЭЛЕКТРА Е2 с кон отс МУН200 37 5;37;5
Ботинки ЭЛЕКТРА Е2 с кон отс МУН200 38 6;38;6
Ботинки ЭЛЕКТРА Е2 с кон отс МУН200 39 4;39;4
Ботинки ЭЛЕКТРА Е2 с кон отс МУН200 40 12;40;12
Ботинки ЭЛЕКТРА Е2 с кон отс МУН200 41 15;41;15
Ботинки ЭЛЕКТРА Е2 с кон отс МУН200 42 2;42;2
Ботинки ЭЛЕКТРА Е2 с кон отс МУН200 43 15;43;15
Ботинки ЭЛЕКТРА Е2 с кон отс МУН200 44 18;44;18
Ботинки ЭЛЕКТРА Е2 с кон отс МУН200 45 4;45;4
Ботинки ЭЛЕКТРА Е2 с кон отс МУН200 46 3;46;3
Ботинки ЭЛЕКТРА Е2 с кон отс МУН200 47 3;47;3
Сапоги ПВХ олив. 37 4;37;4
Сапоги ПВХ олив. 38 6;38;6
Сапоги ПВХ олив. 39 9;39;9
Сапоги ПВХ олив. 40 5;40;5
Сапоги ПВХ олив. 41 14;41;14
Сапоги ПВХ олив. 42 18;42;18
Сапоги ПВХ олив. 43 17;43;17
Сапоги ПВХ олив. 44 13;44;13
Сапоги ПВХ олив. 45 16;45;16
Сапоги ПВХ олив. 46 9;46;9
Сапоги ПВХ олив. 47 1;47;1
Сапоги ПВХ олив. МП сталь 37 21;37;21
Сапоги ПВХ олив. МП сталь 38 24;38;24
Сапоги ПВХ олив. МП сталь 39 13;39;13
Сапоги ПВХ олив. МП сталь 40 15;40;15
Сапоги ПВХ олив. МП сталь 41 9;41;9
Сапоги ПВХ олив. МП сталь 42 0;42;0
Сапоги ПВХ олив. МП сталь 43 2;43;2
Сапоги ПВХ олив. МП сталь 44 10;44;10
Сапоги ПВХ олив. МП сталь 45 5;45;5
Сапоги ПВХ олив. МП сталь 46 5;46;5
Сапоги ПВХ олив. МП сталь 47 4;47;4
Сапоги резиновые РЫБАЦКИЕ чер. 255 1;255;1
Сапоги резиновые РЫБАЦКИЕ чер. 262 3;262;3
Сапоги резиновые РЫБАЦКИЕ чер. 270 1;270;1
Сапоги резиновые РЫБАЦКИЕ чер. 277 5;277;5
Сапоги резиновые РЫБАЦКИЕ чер. 285 4;285;4
Сапоги резиновые РЫБАЦКИЕ чер. 292 1;292;1
Сапоги Трейл ЛЕДИ ПОЛЮС КПИ ут чер. комп 37 4;37;4
Сапоги Трейл ПОЛЮС МПИ (P) ут чер. сталь 38 4;38;4
Сапоги Трейл ПОЛЮС МПИ (P) ут чер. сталь 39 1;39;1
Сапоги Трейл ПОЛЮС МПИ (P) ут чер. сталь 40 6;40;6
Сапоги Трейл ПОЛЮС МПИ (P) ут чер. сталь 41 7;41;7
Сапоги Трейл ПОЛЮС МПИ (P) ут чер. сталь 42 11;42;11
Сапоги Трейл ПОЛЮС МПИ (P) ут чер. сталь 43 9;43;9
Сапоги Трейл ПОЛЮС МПИ (P) ут чер. сталь 44 6;44;6
Сапоги Трейл ПОЛЮС МПИ (P) ут чер. сталь 45 1;45;1
Сапоги Трейл ПОЛЮС МПИ (P) ут чер. сталь 46 3;46;3
Сапоги Трейл ПОЛЮС МПИ (P) ут чер. сталь 47 3;47;3
Сапоги Трейл СУПЕР МП чер. сталь 200Дж 43 4;43;4
Сапоги Трейл СУПЕР МП чер. сталь 200Дж 44 1;44;1
Сапоги Трейл СУПЕР МП чер. сталь 200Дж 45 1;45;1
Сапоги Трейл СУПЕР МП чер. сталь 200Дж 47 1;47;1
Сапоги ФОРВЕЛД 4 КПТ (Р) ут чер. компози 35 2;35;2
Сапоги ФОРВЕЛД 4 КПТ (Р) ут чер. компози 36 4;36;4
Сапоги ФОРВЕЛД 4 КПТ (Р) ут чер. компози 37 8;37;8
Сапоги ФОРВЕЛД 4 КПТ (Р) ут чер. компози 38 22;38;22
Сапоги ФОРВЕЛД 4 КПТ (Р) ут чер. компози 39 5;39;5
Сапоги ФОРВЕЛД 4 КПТ (Р) ут чер. компози 40 11;40;11
Сапоги ФОРВЕЛД 4 КПТ (Р) ут чер. компози 41 25;41;25
Сапоги ФОРВЕЛД 4 КПТ (Р) ут чер. компози 42 18;42;18
Сапоги ФОРВЕЛД 4 КПТ (Р) ут чер. компози 43 26;43;26
Сапоги ФОРВЕЛД 4 КПТ (Р) ут чер. компози 44 28;44;28
Сапоги ФОРВЕЛД 4 КПТ (Р) ут чер. компози 45 4;45;4
Сапоги ФОРВЕЛД 4 КПТ (Р) ут чер. компози 46 3;46;3
Сапоги ФОРВЕЛД 5 КПП(Р) кевлар.стелька ч 42 5;42;5
Сапоги ФОРВЕЛД 5 КПП(Р) кевлар.стелька ч 44 1;44;1
Сапоги ФОРВЕЛД 5 КПП(Р) кевлар.стелька ч 45 1;45;1
Сапоги ФОРВЕЛД 5 КПП(Р) кевлар.стелька ч 49 1;49;1
Сапоги ФОРВЕЛД М5Т антипрок.стелька кевл 41 1;41;1
Сапоги ФОРВЕЛД М5Т антипрок.стелька кевл 42 3;42;3
Сапоги ФОРВЕЛД М5Т антипрок.стелька кевл 43 2;43;2
Сапоги ФОРВЕЛД М5Т антипрок.стелька кевл 44 1;44;1
Сапоги ФОРВЕЛД М5Т антипрок.стелька кевл 49 1;49;1
Сапоги ЭЛЕКТРА Е22 с кон отс ут МУН200 36 3;36;3
Сапоги ЭЛЕКТРА Е22 с кон отс ут МУН200 37 0;37;0
Сапоги ЭЛЕКТРА Е22 с кон отс ут МУН200 38 0;38;0
Сапоги ЭЛЕКТРА Е22 с кон отс ут МУН200 39 4;39;4
Сапоги ЭЛЕКТРА Е22 с кон отс ут МУН200 40 0;40;0
Сапоги ЭЛЕКТРА Е22 с кон отс ут МУН200 41 0;41;0
Сапоги ЭЛЕКТРА Е22 с кон отс ут МУН200 43 3;43;3
